Student ID,Grade level,Overall Math Level,Overall ELA Level,BOY Math Level,BOY ELA Level,Prior SBAC Math Level (#)
DEMO-0000,8,657,788,655,717,2
DEMO-0001,6,546,620,527,576,2
DEMO-0002,6,797,644,777,559,3
DEMO-0003,7,655,903,635,846,1
DEMO-0004,7,800,828,764,765,3
DEMO-0005,7,744,757,717,689,4
DEMO-0006,6,592,637,575,612,1
DEMO-0007,7,650,825,633,777,1
DEMO-0008,7,814,789,805,700,4
DEMO-0009,7,690,826,663,774,1
DEMO-0010,8,935,965,909,885,3
DEMO-0011,8,744,774,685,705,2
DEMO-0012,8,810,675,752,659,2
DEMO-0013,8,845,853,788,787,4
DEMO-0014,8,837,861,769,831,1
DEMO-0015,6,500,678,492,621,1
DEMO-0016,8,749,807,706,763,2
DEMO-0017,7,688,736,645,684,1
DEMO-0018,6,532,700,494,649,2
DEMO-0019,6,663,704,594,647,4
DEMO-0020,6,655,761,579,718,1
DEMO-0021,8,639,682,591,657,1
DEMO-0022,8,652,723,610,691,2
DEMO-0023,8,696,972,686,902,2
DEMO-0024,6,615,704,605,617,3
DEMO-0025,7,878,818,835,762,4
DEMO-0026,7,672,732,644,663,1
DEMO-0027,8,826,817,820,746,3
DEMO-0028,6,515,671,487,646,2
DEMO-0029,7,616,680,580,665,2
DEMO-0030,7,539,633,492,582,1
DEMO-0031,8,803,766,775,752,2
DEMO-0032,7,786,764,760,718,4
DEMO-0033,7,675,806,645,784,2
DEMO-0034,7,824,887,791,848,4
DEMO-0035,7,722,785,713,748,4
DEMO-0036,6,602,693,557,630,2
DEMO-0037,6,649,790,580,751,2
DEMO-0038,6,646,593,602,564,3
DEMO-0039,6,703,578,699,525,3
DEMO-0040,8,737,812,705,701,1
DEMO-0041,7,511,747,512,685,2
DEMO-0042,6,615,817,618,804,3
DEMO-0043,7,653,727,611,673,2
DEMO-0044,6,603,760,571,656,1
DEMO-0045,7,846,717,829,662,3
DEMO-0046,8,711,894,719,817,2
DEMO-0047,6,670,710,663,635,4
DEMO-0048,7,785,798,752,722,3
DEMO-0049,7,744,815,714,742,4
DEMO-0050,8,900,800,858,742,3
DEMO-0051,7,666,871,609,823,2
DEMO-0052,6,547,733,523,687,1
DEMO-0053,6,693,599,655,544,3
DEMO-0054,7,766,795,739,735,3
DEMO-0055,7,823,669,802,643,3
DEMO-0056,6,623,663,597,616,4
DEMO-0057,7,843,661,796,610,3
DEMO-0058,7,681,812,670,758,1
DEMO-0059,6,515,892,464,846,2
DEMO-0060,8,632,973,575,905,1
DEMO-0061,6,511,713,481,664,2
DEMO-0062,8,875,783,840,738,4
DEMO-0063,8,680,885,676,858,1
DEMO-0064,8,767,950,694,913,1
DEMO-0065,8,984,848,936,791,4
DEMO-0066,7,777,765,744,711,3
DEMO-0067,7,857,619,826,608,3
DEMO-0068,6,521,587,483,516,1
DEMO-0069,7,496,607,478,569,1
DEMO-0070,7,834,908,799,874,3
DEMO-0071,8,685,893,671,819,2
DEMO-0072,8,813,913,774,838,1
DEMO-0073,7,723,739,706,701,3
DEMO-0074,7,624,638,578,593,2
DEMO-0075,7,837,769,809,742,3
DEMO-0076,7,837,704,802,636,3
DEMO-0077,8,852,777,769,707,2
DEMO-0078,6,602,659,558,616,1
DEMO-0079,6,621,664,586,584,4
DEMO-0080,7,612,741,581,670,1
DEMO-0081,8,785,793,773,744,2
DEMO-0082,7,696,676,647,610,1
DEMO-0083,6,533,656,474,637,1
DEMO-0084,6,677,753,646,706,4
DEMO-0085,6,484,527,424,470,2
DEMO-0086,6,566,602,538,551,2
DEMO-0087,8,614,842,615,749,2
DEMO-0088,7,747,742,729,684,3
DEMO-0089,6,668,608,657,548,4
DEMO-0090,7,758,909,733,884,4
DEMO-0091,7,953,787,912,739,3
DEMO-0092,7,785,676,772,640,4
DEMO-0093,7,625,604,596,505,2
DEMO-0094,7,931,741,898,698,3
DEMO-0095,6,527,773,510,719,2
DEMO-0096,6,672,670,658,594,3
DEMO-0097,8,868,670,837,605,4
DEMO-0098,8,730,745,685,721,1
DEMO-0099,7,824,765,804,700,3
DEMO-0100,7,735,840,719,774,4
DEMO-0101,7,754,766,726,718,4
DEMO-0102,6,548,667,512,606,2
DEMO-0103,7,816,841,795,787,4
DEMO-0104,7,632,856,608,831,2
DEMO-0105,7,554,701,528,660,1
DEMO-0106,8,926,890,916,838,3
DEMO-0107,7,669,678,642,638,1
DEMO-0108,8,809,769,789,706,3
DEMO-0109,7,868,802,810,730,3
DEMO-0110,6,702,541,681,484,4
DEMO-0111,8,859,869,821,824,3
DEMO-0112,8,896,880,859,801,4
DEMO-0113,7,643,824,633,769,2
DEMO-0114,8,869,763,861,704,3
DEMO-0115,7,799,785,777,749,3
DEMO-0116,8,869,845,827,797,4
DEMO-0117,6,588,774,568,702,2
DEMO-0118,6,286,596,268,529,1
DEMO-0119,8,852,766,875,718,4
DEMO-0120,8,815,895,792,843,3
DEMO-0121,7,674,687,638,631,2
DEMO-0122,8,871,751,833,718,4
DEMO-0123,6,628,728,590,680,4
DEMO-0124,8,822,889,798,848,4
DEMO-0125,7,579,506,553,482,2
DEMO-0126,6,481,581,436,526,2
DEMO-0127,6,636,566,609,517,4
DEMO-0128,6,611,707,623,684,4
DEMO-0129,8,817,973,768,937,1
DEMO-0130,7,719,920,709,869,3
DEMO-0131,8,840,911,785,917,3
DEMO-0132,7,708,667,648,612,2
DEMO-0133,6,618,564,575,507,1
DEMO-0134,6,627,579,580,514,3
DEMO-0135,7,784,794,721,754,4
DEMO-0136,8,761,956,751,933,1
DEMO-0137,8,872,702,837,637,4
DEMO-0138,8,859,904,825,879,3
DEMO-0139,6,614,729,601,666,3
DEMO-0140,7,665,780,598,742,2
DEMO-0141,7,736,1014,717,982,3
DEMO-0142,7,778,798,762,740,4
DEMO-0143,7,614,758,579,683,1
DEMO-0144,6,610,704,562,655,1
DEMO-0145,8,811,811,791,764,3
DEMO-0146,7,649,667,630,649,1
DEMO-0147,8,752,889,713,820,2
DEMO-0148,8,673,947,669,894,2
DEMO-0149,8,711,836,695,790,2
